gene1	gene2	time1_n_observed	time2_n_observed	n_expected_gene1_cas9	n_expected_gene2_cpf1
SLC16A1	SLC16A3	15	15	3	5
SLC16A3	SLC16A1	15	15	3	5
MDM4	TP53	15	15	3	10
TP53	MDM4	15	15	6	5
APC	CTNNB1	15	15	3	5
CTNNB1	APC	15	15	3	5
MAP2K1	BRAF	15	15	6	10
BRAF	MAP2K1	15	15	6	10
CDK2	CCNE1	15	15	6	10
CCNE1	CDK2	15	15	6	10
PEA15	BRAF	15	15	3	10
BRAF	PEA15	15	15	6	5
CBFB	RUNX1	15	15	3	5
RUNX1	CBFB	15	15	3	5
SMARCA2	SMARCA4	15	15	3	5
SMARCA4	SMARCA2	15	15	3	5
KDM4C	BRD4	15	15	3	10
BRD4	KDM4C	15	15	6	5
KDM6B	BRD4	15	15	3	10
BRD4	KDM6B	15	15	6	5
SRRM1	SRRM2	15	15	15	5
SRRM2	SRRM1	15	15	3	5
TRA2A	TRA2B	15	15	3	5
TRA2B	TRA2A	15	15	3	5
PAIP1	PAIP2	15	15	3	5
PAIP2	PAIP1	15	15	3	5
EIF4E	EIF4E2	15	15	3	5
EIF4E2	EIF4E	15	15	3	5
ENO1	ENO2	15	15	6	10
ENO2	ENO1	15	15	6	10
ENO1	ENO3	15	15	6	10
ENO3	ENO1	15	15	6	10
ENO2	ENO3	15	15	6	10
ENO3	ENO2	15	15	6	10
CREBBP	EP300	15	15	3	5
EP300	CREBBP	15	15	3	5
BCL2L1	BCL2L2	15	15	6	5
BCL2L2	BCL2L1	15	15	3	10
BCL2L1	MCL1	15	15	6	5
MCL1	BCL2L1	15	15	3	10
PARP1	PARP2	15	15	3	5
PARP2	PARP1	9	9	3	3
MAPK1	MAPK3	15	15	3	5
MAPK3	MAPK1	15	15	3	5
MDM2	TP53	15	15	3	10
TP53	MDM2	15	15	6	5
ABHD12	ABHD12B	15	15	3	5
ABHD12B	ABHD12	15	15	3	5
ABL1	ABL2	15	15	3	5
ABL2	ABL1	15	15	3	5
DMWD	WDR20	15	15	3	5
WDR20	DMWD	15	15	3	5
HNRNPL	HNRNPLL	15	15	15	5
HNRNPLL	HNRNPL	15	15	3	5
ACBD3	TMED8	15	15	3	5
TMED8	ACBD3	15	15	3	5
DBI	ACBD7	15	15	3	5
ACBD7	DBI	4	4	1	4
ACSL1	ACSL6	15	15	3	5
ACSL6	ACSL1	15	15	3	5
ACTR1A	ACTR1B	15	15	3	5
ACTR1B	ACTR1A	15	15	3	5
ACVR2A	ACVR2B	15	15	3	5
ACVR2B	ACVR2A	15	15	3	5
ADAMTS6	ADAMTS10	15	15	3	5
ADAMTS10	ADAMTS6	15	15	3	5
ADAMTSL1	ADAMTSL3	15	15	3	5
ADAMTSL3	ADAMTSL1	15	15	3	5
ADAP2	ADAP1	15	15	3	5
ADAP1	ADAP2	15	15	3	5
ADSS	ADSSL1	15	15	15	5
ADSSL1	ADSS	15	15	3	5
AGPAT3	AGPAT4	15	15	3	5
AGPAT4	AGPAT3	15	15	3	5
AHCYL1	AHCYL2	15	15	3	5
AHCYL2	AHCYL1	15	15	3	5
AHNAK	AHNAK2	15	15	3	5
AHNAK2	AHNAK	15	15	3	5
AHSA1	AHSA2	15	15	3	5
AHSA2	AHSA1	15	15	3	5
AJUBA	WTIP	15	15	3	5
WTIP	AJUBA	15	15	3	5
AK1	AK5	15	15	3	5
AK5	AK1	15	15	3	5
AK3	AK4	10	10	2	5
AK4	AK3	10	10	2	5
ALMS1	C10orf90	15	15	3	5
C10orf90	ALMS1	15	15	3	5
AMOTL2	AMOT	15	15	3	5
AMOT	AMOTL2	15	15	3	5
ANK3	ANK2	15	15	3	5
ANK2	ANK3	15	15	3	5
ANKRD11	ANKRD12	15	15	3	5
ANKRD12	ANKRD11	15	15	3	5
ANO4	ANO5	15	15	3	5
ANO5	ANO4	15	15	3	5
ANXA5	ANXA6	15	15	3	5
ANXA6	ANXA5	15	15	3	5
AP2B1	AP1B1	15	15	3	5
AP1B1	AP2B1	15	15	3	5
AP1G1	AP1G2	15	15	3	5
AP1G2	AP1G1	15	15	3	5
AP2A2	AP2A1	15	15	3	5
AP2A1	AP2A2	15	15	3	5
AP3B1	AP3B2	15	15	3	5
AP3B2	AP3B1	15	15	3	5
APBA3	APBA2	15	15	3	5
APBA2	APBA3	15	15	3	5
APBB2	APBB3	15	15	3	5
APBB3	APBB2	15	15	3	5
APH1A	APH1B	15	15	3	5
APH1B	APH1A	15	15	3	5
APLP2	APLP1	15	15	3	5
APLP1	APLP2	15	15	3	5
ARAP3	ARAP2	15	15	3	5
ARAP2	ARAP3	15	15	3	5
ARF4	ARF5	15	15	3	5
ARF5	ARF4	15	15	3	5
ARFGEF2	ARFGEF1	15	15	3	5
ARFGEF1	ARFGEF2	15	15	3	5
ARHGAP22	ARHGAP24	15	15	3	5
ARHGAP24	ARHGAP22	15	15	3	5
ARHGAP33	ARHGAP31	15	15	3	5
ARHGAP31	ARHGAP33	15	15	3	5
ARHGEF1	ARHGEF12	15	15	3	5
ARHGEF12	ARHGEF1	15	15	3	5
ARHGEF7	ARHGEF6	15	15	3	5
ARHGEF6	ARHGEF7	15	15	3	5
DNMBP	ARHGEF37	15	15	3	5
ARHGEF37	DNMBP	15	15	3	5
ARID1A	ARID1B	15	15	3	5
ARID1B	ARID1A	15	15	3	5
ARL8B	ARL8A	15	15	3	5
ARL8A	ARL8B	15	15	3	5
ARNT	ARNT2	15	15	3	5
ARNT2	ARNT	15	15	3	5
ARPC5	ARPC5L	15	15	3	5
ARPC5L	ARPC5	15	15	3	5
ENSA	ARPP19	3	3	3	1
ARPP19	ENSA	5	5	1	5
ATAD2	ATAD2B	15	15	3	5
ATAD2B	ATAD2	15	15	3	5
ATF3	JDP2	15	15	3	5
JDP2	ATF3	15	15	3	5
ATF6B	ATF6	15	15	3	5
ATF6	ATF6B	15	15	3	5
ATG4B	ATG4A	15	15	3	5
ATG4A	ATG4B	15	15	3	5
ATG4D	ATG4C	15	15	3	5
ATG4C	ATG4D	15	15	3	5
ATG16L1	ATG16L2	15	15	3	5
ATG16L2	ATG16L1	15	15	3	5
ATP6V0A1	ATP6V0A4	15	15	3	5
ATP6V0A4	ATP6V0A1	15	15	3	5
ATP6V0A2	TCIRG1	15	15	3	5
TCIRG1	ATP6V0A2	15	15	3	5
ATP6V1C1	ATP6V1C2	15	15	3	5
ATP6V1C2	ATP6V1C1	15	15	3	5
ATP8A1	ATP8A2	15	15	3	5
ATP8A2	ATP8A1	15	15	3	5
ATP9A	ATP9B	15	15	3	5
ATP9B	ATP9A	15	15	3	5
ATRN	ATRNL1	15	15	3	5
ATRNL1	ATRN	15	15	3	5
ATXN1L	ATXN1	15	15	3	5
ATXN1	ATXN1L	15	15	3	5
ATXN7	ATXN7L2	15	15	3	5
ATXN7L2	ATXN7	15	15	3	5
AUH	ECHDC2	15	15	3	5
ECHDC2	AUH	15	15	3	5
AXIN1	AXIN2	15	15	3	5
AXIN2	AXIN1	15	15	3	5
B4GALT5	B4GALT6	15	15	3	5
B4GALT6	B4GALT5	15	15	3	5
BACH1	BACH2	15	15	3	5
BACH2	BACH1	15	15	3	5
BAG3	BAG4	15	15	3	5
BAG4	BAG3	15	15	3	5
BAIAP3	UNC13D	15	15	3	5
UNC13D	BAIAP3	15	15	3	5
PIK3AP1	BANK1	15	15	3	5
BANK1	PIK3AP1	15	15	3	5
BCOR	BCORL1	15	15	3	5
BCORL1	BCOR	15	15	3	5
TJAP1	BEGAIN	15	15	3	5
BEGAIN	TJAP1	15	15	3	5
BMI1	PCGF2	15	15	3	5
PCGF2	BMI1	15	15	3	5
BMPR1A	BMPR1B	15	15	3	5
BMPR1B	BMPR1A	15	15	3	5
BRD7	BRD9	15	15	3	5
BRD9	BRD7	15	15	3	5
BRMS1	BRMS1L	15	15	3	5
BRMS1L	BRMS1	15	15	3	5
BTBD2	BTBD1	15	15	3	5
BTBD1	BTBD2	15	15	3	5
BTBD3	BTBD6	15	15	3	5
BTBD6	BTBD3	15	15	3	5
KCTD20	BTBD10	15	15	3	5
BTBD10	KCTD20	15	15	3	5
FBXW11	BTRC	15	15	3	5
BTRC	FBXW11	15	15	3	5
CAB39	CAB39L	15	15	3	5
CAB39L	CAB39	15	15	3	5
CALB2	CALB1	15	15	3	5
CALB1	CALB2	15	15	3	5
CALM2	CALM1	15	15	3	5
CALM1	CALM2	5	5	1	5
CAMKK2	CAMKK1	15	15	3	5
CAMKK1	CAMKK2	15	15	3	5
CAND1	CAND2	15	15	3	5
CAND2	CAND1	15	15	3	5
CANX	CLGN	15	15	3	5
CLGN	CANX	15	15	3	5
CAPRIN1	CAPRIN2	15	15	3	5
CAPRIN2	CAPRIN1	15	15	3	5
CASKIN2	CASKIN1	15	15	3	5
CASKIN1	CASKIN2	15	15	3	5
CASP7	CASP3	15	15	3	5
CASP3	CASP7	15	15	3	5
CBX1	CBX5	15	15	3	5
CBX5	CBX1	12	12	3	4
CC2D1B	CC2D1A	15	15	3	5
CC2D1A	CC2D1B	15	15	3	5
CCDC102A	CCDC102B	15	15	3	5
CCDC102B	CCDC102A	15	15	3	5
CCNA2	CCNA1	15	15	15	5
CCNA1	CCNA2	15	15	3	5
CCNB1	CCNB2	15	15	3	5
CCNB2	CCNB1	15	15	3	5
CCND1	CCND2	15	15	3	5
CCND2	CCND1	15	15	3	5
CCNE2	CCNE1	15	15	3	10
CCNE1	CCNE2	15	15	6	5
CCNG1	CCNG2	15	15	3	5
CCNG2	CCNG1	15	15	3	5
CCNJ	CCNJL	15	15	3	5
CCNJL	CCNJ	15	15	3	5
CCNL2	CCNL1	15	15	3	5
CCNL1	CCNL2	15	15	3	5
CCNT1	CCNT2	15	15	3	5
CCNT2	CCNT1	15	15	3	5
CCNY	CCNYL1	15	15	3	5
CCNYL1	CCNY	15	15	3	5
CD151	TSPAN11	15	15	3	5
TSPAN11	CD151	15	15	3	5
CDC34	UBE2R2	15	15	3	5
UBE2R2	CDC34	12	12	3	4
CDK2	CDK3	15	15	6	5
CDK3	CDK2	15	15	3	10
CDK2AP1	CDK2AP2	6	6	3	2
CDK2AP2	CDK2AP1	9	9	3	3
CDK12	CDK13	15	15	3	5
CDK13	CDK12	15	15	3	5
CDK14	CDK15	15	15	3	5
CDK15	CDK14	15	15	3	5
CDKL3	CDKL2	15	15	3	5
CDKL2	CDKL3	15	15	3	5
CEP85	CEP85L	15	15	3	5
CEP85L	CEP85	15	15	3	5
CERS5	CERS6	15	15	3	5
CERS6	CERS5	15	15	3	5
CHCHD3	CHCHD6	15	15	3	5
CHCHD6	CHCHD3	15	15	3	5
CHD1	CHD2	15	15	3	5
CHD2	CHD1	15	15	3	5
CHD3	CHD5	15	15	3	5
CHD5	CHD3	15	15	3	5
CHIC2	CHIC1	15	15	3	5
CHIC1	CHIC2	15	15	3	5
CHMP4A	CHMP4C	15	15	3	5
CHMP4C	CHMP4A	15	15	3	5
CHPF	CHPF2	15	15	3	5
CHPF2	CHPF	15	15	3	5
CHSY1	CHSY3	15	15	3	5
CHSY3	CHSY1	15	15	3	5
CLCN3	CLCN4	15	15	3	5
CLCN4	CLCN3	15	15	3	5
CLIP1	CLIP2	15	15	3	5
CLIP2	CLIP1	15	15	3	5
NPAS2	CLOCK	15	15	3	5
CLOCK	NPAS2	15	15	3	5
CLTC	CLTCL1	15	15	15	5
CLTCL1	CLTC	15	15	3	5
CNKSR3	CNKSR1	15	15	3	5
CNKSR1	CNKSR3	15	15	3	5
CNOT7	CNOT8	15	15	3	5
CNOT8	CNOT7	15	15	3	5
THBS3	COMP	15	15	3	5
COMP	THBS3	15	15	3	5
COPG1	COPG2	15	15	3	5
COPG2	COPG1	15	15	3	5
COPZ1	COPZ2	15	15	15	5
COPZ2	COPZ1	15	15	3	5
COQ10B	COQ10A	15	15	3	5
COQ10A	COQ10B	15	15	3	5
CORO2A	CORO2B	15	15	3	5
CORO2B	CORO2A	15	15	3	5
CRABP2	CRABP1	15	15	3	5
CRABP1	CRABP2	15	15	3	5
CRELD2	CRELD1	15	15	3	5
CRELD1	CRELD2	15	15	3	5
CSAD	GADL1	15	15	3	5
GADL1	CSAD	15	15	3	5
CSNK1D	CSNK1E	15	15	3	5
CSNK1E	CSNK1D	15	15	3	5
CSNK2A1	CSNK2A2	10	10	2	5
CSNK2A2	CSNK2A1	15	15	3	5
CTBP1	CTBP2	15	15	3	5
CTBP2	CTBP1	9	9	3	3
RAVER1	RAVER2	15	15	3	5
RAVER2	RAVER1	15	15	3	5
CTPS1	CTPS2	15	15	15	5
CTPS2	CTPS1	15	15	3	5
CUL4A	CUL4B	15	15	3	5
CUL4B	CUL4A	15	15	3	5
CUX1	CUX2	15	15	3	5
CUX2	CUX1	15	15	3	5
CYB5B	CYB5A	15	15	3	5
CYB5A	CYB5B	15	15	3	5
DAAM1	DAAM2	15	15	3	5
DAAM2	DAAM1	15	15	3	5
DAB2	DAB1	15	15	3	5
DAB1	DAB2	15	15	3	5
DACH1	DACH2	15	15	3	5
DACH2	DACH1	15	15	3	5
DCHS1	DCHS2	15	15	3	5
DCHS2	DCHS1	15	15	3	5
DDHD2	SEC23IP	15	15	3	5
SEC23IP	DDHD2	15	15	3	5
DDR1	DDR2	15	15	3	5
DDR2	DDR1	15	15	3	5
DENND6A	DENND6B	15	15	3	5
DENND6B	DENND6A	15	15	3	5
DERL2	DERL3	6	6	3	2
DERL3	DERL2	15	15	3	5
DHX32	DQX1	15	15	3	5
DQX1	DHX32	15	15	3	5
IFIH1	DHX58	15	15	3	5
DHX58	IFIH1	15	15	3	5
DIP2A	DIP2C	15	15	3	5
DIP2C	DIP2A	15	15	3	5
DLG1	DLG4	15	15	3	5
DLG4	DLG1	15	15	3	5
DLG3	DLG2	15	15	3	5
DLG2	DLG3	15	15	3	5
DMRTA1	DMRTA2	15	15	3	5
DMRTA2	DMRTA1	15	15	3	5
DNAH11	DNAH17	15	15	3	5
DNAH17	DNAH11	15	15	3	5
DNAJA1	DNAJA4	10	10	2	5
DNAJA4	DNAJA1	15	15	3	5
DNAJC19	DNAJC15	5	5	1	5
DNAJC15	DNAJC19	15	15	3	5
DOCK4	DOCK3	15	15	3	5
DOCK3	DOCK4	15	15	3	5
DOK1	DOK3	15	15	3	5
DOK3	DOK1	15	15	3	5
DOPEY1	DOPEY2	15	15	3	5
DOPEY2	DOPEY1	15	15	3	5
MACF1	DST	15	15	3	5
DST	MACF1	15	15	3	5
DUSP22	DUSP15	15	15	3	5
DUSP15	DUSP22	15	15	3	5
DUSP16	DUSP8	3	3	3	1
DUSP8	DUSP16	15	15	3	5
DVL1	DVL3	15	15	3	5
DVL3	DVL1	15	15	3	5
DYNLL1	DYNLL2	15	15	3	5
DYNLL2	DYNLL1	9	9	3	3
DYRK2	DYRK3	15	15	3	5
DYRK3	DYRK2	15	15	3	5
E2F7	E2F8	15	15	3	5
E2F8	E2F7	15	15	3	5
EBF3	EBF1	15	15	3	5
EBF1	EBF3	15	15	3	5
EEF1A1	EEF1A2	15	15	3	5
EEF1A2	EEF1A1	15	15	3	5
EFHD2	EFHD1	15	15	3	5
EFHD1	EFHD2	12	12	3	4
EGR2	EGR3	15	15	3	5
EGR3	EGR2	15	15	3	5
EHBP1	EHBP1L1	15	15	3	5
EHBP1L1	EHBP1	15	15	3	5
EIF1	EIF1B	15	15	3	5
EIF1B	EIF1	12	12	3	4
EIF4A1	EIF4A2	15	15	3	5
EIF4A2	EIF4A1	15	15	3	5
EIF4EBP1	EIF4EBP2	12	12	3	4
EIF4EBP2	EIF4EBP1	6	6	3	2
EIF4G1	EIF4G3	15	15	3	5
EIF4G3	EIF4G1	15	15	3	5
ELAVL1	ELAVL2	15	15	3	5
ELAVL2	ELAVL1	15	15	3	5
ELK3	ELK4	15	15	3	5
ELK4	ELK3	15	15	3	5
ELMO2	ELMO3	15	15	3	5
ELMO3	ELMO2	15	15	3	5
ELMOD2	ELMOD1	15	15	3	5
ELMOD1	ELMOD2	15	15	3	5
ELOVL1	ELOVL7	15	15	3	5
ELOVL7	ELOVL1	15	15	3	5
EMC8	EMC9	15	15	3	5
EMC9	EMC8	15	15	3	5
EME1	EME2	12	12	3	4
EME2	EME1	15	15	3	5
EMX1	EMX2	15	15	3	5
EMX2	EMX1	15	15	3	5
EN2	EN1	15	15	3	5
EN1	EN2	12	12	3	4
ENOX2	ENOX1	15	15	3	5
ENOX1	ENOX2	15	15	3	5
ENTPD6	ENTPD5	15	15	3	5
ENTPD5	ENTPD6	15	15	3	5
SRCAP	EP400	15	15	3	5
EP400	SRCAP	15	15	3	5
EPC1	EPC2	15	15	3	5
EPC2	EPC1	15	15	3	5
EPS15	EPS15L1	15	15	3	5
EPS15L1	EPS15	15	15	3	5
ERC1	ERC2	15	15	3	5
ERC2	ERC1	15	15	3	5
ERLIN1	ERLIN2	15	15	3	5
ERLIN2	ERLIN1	15	15	3	5
ESRP2	ESRP1	15	15	3	5
ESRP1	ESRP2	15	15	3	5
ESYT2	ESYT3	15	15	3	5
ESYT3	ESYT2	15	15	3	5
ETS2	ETS1	15	15	3	5
ETS1	ETS2	15	15	3	5
ETV1	ETV4	15	15	3	5
ETV4	ETV1	15	15	3	5
EXOC6	EXOC6B	15	15	3	5
EXOC6B	EXOC6	15	15	3	5
EXT1	EXTL1	15	15	3	5
EXTL1	EXT1	15	15	3	5
FAM49B	FAM49A	15	15	3	5
FAM49A	FAM49B	15	15	3	5
FAM78A	FAM78B	15	15	3	5
FAM78B	FAM78A	15	15	3	5
UBALD1	UBALD2	9	9	3	3
UBALD2	UBALD1	15	15	3	5
FAM102A	FAM102B	15	15	3	5
FAM102B	FAM102A	15	15	3	5
FAM117B	FAM117A	15	15	3	5
FAM117A	FAM117B	15	15	3	5
MVB12B	MVB12A	15	15	3	5
MVB12A	MVB12B	15	15	3	5
FAM126A	FAM126B	15	15	3	5
FAM126B	FAM126A	15	15	3	5
FAM160A2	FAM160A1	15	15	3	5
FAM160A1	FAM160A2	15	15	3	5
FAM160B2	FAM160B1	15	15	3	5
FAM160B1	FAM160B2	15	15	3	5
FAM161B	FAM161A	15	15	3	5
FAM161A	FAM161B	15	15	3	5
FARP1	FARP2	15	15	3	5
FARP2	FARP1	15	15	3	5
ZYX	FBLIM1	15	15	3	5
FBLIM1	ZYX	15	15	3	5
FBN1	FBN2	15	15	3	5
FBN2	FBN1	15	15	3	5
FBXO25	FBXO32	15	15	3	5
FBXO32	FBXO25	15	15	3	5
FEM1C	FEM1A	3	3	3	1
FEM1A	FEM1C	15	15	3	5
FER	FES	15	15	3	5
FES	FER	15	15	3	5
FGF2	FGF1	15	15	3	5
FGF1	FGF2	15	15	3	5
FHOD1	FHOD3	15	15	3	5
FHOD3	FHOD1	15	15	3	5
FLNB	FLNC	15	15	3	5
FLNC	FLNB	15	15	3	5
FMN2	FMN1	15	15	3	5
FMN1	FMN2	15	15	3	5
FNDC3A	FNDC3B	15	15	3	5
FNDC3B	FNDC3A	15	15	3	5
FOXF2	FOXF1	15	15	3	5
FOXF1	FOXF2	15	15	3	5
FOXK2	FOXK1	15	15	3	5
FOXK1	FOXK2	15	15	3	5
FOXN3	FOXN2	15	15	3	5
FOXN2	FOXN3	15	15	3	5
FSCN1	FSCN2	15	15	3	5
FSCN2	FSCN1	12	12	3	4
FSTL3	FST	15	15	3	5
FST	FSTL3	3	3	3	1
FUBP1	FUBP3	15	15	3	5
FUBP3	FUBP1	15	15	3	5
FUCA2	FUCA1	15	15	3	5
FUCA1	FUCA2	15	15	3	5
FUNDC2	FUNDC1	15	15	3	5
FUNDC1	FUNDC2	10	10	2	5
GALNT10	GALNTL6	15	15	3	5
GALNTL6	GALNT10	15	15	3	5
GATAD2A	GATAD2B	15	15	3	5
GATAD2B	GATAD2A	15	15	3	5
GDPD1	GDPD3	15	15	3	5
GDPD3	GDPD1	15	15	3	5
GFOD2	GFOD1	12	12	3	4
GFOD1	GFOD2	15	15	3	5
GLIS3	GLIS1	15	15	3	5
GLIS1	GLIS3	15	15	3	5
GMFB	GMFG	15	15	3	5
GMFG	GMFB	15	15	3	5
GNA11	GNAQ	15	15	3	5
GNAQ	GNA11	6	6	3	2
GNA12	GNA13	15	15	3	5
GNA13	GNA12	15	15	3	5
GNAS	GNAL	15	15	3	5
GNAL	GNAS	15	15	3	5
GNB1	GNB4	15	15	3	5
GNB4	GNB1	15	15	3	5
GNL3	GNL3L	15	15	15	5
GNL3L	GNL3	15	15	3	5
GNPDA1	GNPDA2	15	15	3	5
GNPDA2	GNPDA1	15	15	3	5
GOLGA7	GOLGA7B	15	15	3	5
GOLGA7B	GOLGA7	15	15	3	5
GPATCH2L	GPATCH2	15	15	3	5
GPATCH2	GPATCH2L	15	15	3	5
GPC1	GPC6	15	15	3	5
GPC6	GPC1	12	12	3	4
GPR137	GPR137C	15	15	3	5
GPR137C	GPR137	15	15	3	5
GPSM2	GPSM1	15	15	3	5
GPSM1	GPSM2	15	15	3	5
GREB1L	GREB1	15	15	3	5
GREB1	GREB1L	15	15	3	5
GRPEL1	GRPEL2	15	15	15	5
GRPEL2	GRPEL1	15	15	3	5
H2AFY	H2AFY2	15	15	3	5
H2AFY2	H2AFY	15	15	3	5
HEATR5A	HEATR5B	15	15	3	5
HEATR5B	HEATR5A	15	15	3	5
HERC3	HERC4	15	15	3	5
HERC4	HERC3	15	15	3	5
HEXB	HEXA	15	15	3	5
HEXA	HEXB	15	15	3	5
HIP1	HIP1R	15	15	3	5
HIP1R	HIP1	15	15	3	5
HNRNPH3	HNRNPF	15	15	3	5
HNRNPF	HNRNPH3	15	15	3	5
HNRNPR	SYNCRIP	15	15	3	5
SYNCRIP	HNRNPR	15	15	3	5
HOOK2	HOOK1	15	15	3	5
HOOK1	HOOK2	15	15	3	5
HOXB2	HOXA2	15	15	3	5
HOXA2	HOXB2	15	15	3	5
HOXB7	HOXA7	15	15	3	5
HOXA7	HOXB7	15	15	3	5
VSNL1	HPCAL4	6	6	3	2
HPCAL4	VSNL1	15	15	3	5
HSF1	HSF4	15	15	3	5
HSF4	HSF1	15	15	3	5
HSP90AB1	HSP90AA1	15	15	3	5
HSP90AA1	HSP90AB1	15	15	3	5
HSPA12A	HSPA12B	15	15	3	5
HSPA12B	HSPA12A	15	15	3	5
ICA1L	ICA1	15	15	3	5
ICA1	ICA1L	15	15	3	5
ID1	ID2	6	6	3	2
ID2	ID1	15	15	3	5
IFRD2	IFRD1	15	15	3	5
IFRD1	IFRD2	15	15	3	5
IGF2BP3	IGF2BP1	15	15	3	5
IGF2BP1	IGF2BP3	15	15	3	5
PDZD2	IL16	15	15	3	5
IL16	PDZD2	15	15	3	5
IMPDH2	IMPDH1	12	12	3	4
IMPDH1	IMPDH2	15	15	3	5
INPP4A	INPP4B	15	15	3	5
INPP4B	INPP4A	15	15	3	5
ISL2	ISL1	15	15	3	5
ISL1	ISL2	15	15	3	5
ITCH	WWP2	15	15	3	5
WWP2	ITCH	15	15	3	5
ITGA4	ITGA9	15	15	3	5
ITGA9	ITGA4	15	15	3	5
JAG1	JAG2	15	15	3	5
JAG2	JAG1	15	15	3	5
KCND3	KCND2	15	15	3	5
KCND2	KCND3	15	15	3	5
KCTD5	KCTD2	15	15	3	5
KCTD2	KCTD5	9	9	3	3
KDM2A	KDM2B	15	15	3	5
KDM2B	KDM2A	15	15	3	5
KHDRBS1	KHDRBS3	15	15	3	5
KHDRBS3	KHDRBS1	15	15	3	5
KIAA1217	SRCIN1	15	15	3	5
SRCIN1	KIAA1217	15	15	3	5
KIF1C	KIF1B	15	15	3	5
KIF1B	KIF1C	15	15	3	5
KIF5B	KIF5C	15	15	3	5
KIF5C	KIF5B	15	15	3	5
KIF16B	STARD9	15	15	3	5
STARD9	KIF16B	15	15	3	5
KIFC3	KIFC2	15	15	3	5
KIFC2	KIFC3	15	15	3	5
KLF10	KLF11	15	15	3	5
KLF11	KLF10	15	15	3	5
KLF13	KLF9	15	15	3	5
KLF9	KLF13	12	12	3	4
KLHL2	KLHL3	15	15	3	5
KLHL3	KLHL2	15	15	3	5
KLHL23	KLHL11	15	15	3	5
KLHL11	KLHL23	15	15	3	5
KLHL9	KLHL26	15	15	3	5
KLHL26	KLHL9	15	15	3	5
KSR1	KSR2	15	15	3	5
KSR2	KSR1	15	15	3	5
LARP1	LARP1B	15	15	3	5
LARP1B	LARP1	15	15	3	5
LBX2	LBX1	15	15	3	5
LBX1	LBX2	15	15	3	5
LCOR	LCORL	15	15	3	5
LCORL	LCOR	15	15	3	5
LDB1	LDB2	15	15	3	5
LDB2	LDB1	15	15	3	5
LDHA	LDHB	15	15	6	10
LDHB	LDHA	5	5	2	10
LDHA	LDHC	15	15	6	10
LDHC	LDHA	15	15	6	10
LDHB	LDHC	5	5	2	10
LDHC	LDHB	15	15	6	10
LETM1	LETM2	15	15	3	5
LETM2	LETM1	15	15	3	5
LHX2	LHX9	15	15	3	5
LHX9	LHX2	15	15	3	5
LHX6	LHX8	15	15	3	5
LHX8	LHX6	15	15	3	5
LMO7	LIMCH1	15	15	3	5
LIMCH1	LMO7	15	15	3	5
LIMK1	LIMK2	15	15	3	5
LIMK2	LIMK1	15	15	3	5
LIN28B	LIN28A	15	15	3	5
LIN28A	LIN28B	15	15	3	5
LLGL1	LLGL2	15	15	3	5
LLGL2	LLGL1	15	15	3	5
LMBR1	LMBR1L	15	15	3	5
LMBR1L	LMBR1	15	15	3	5
TES	LMCD1	15	15	3	5
LMCD1	TES	15	15	3	5
TRIP6	LPP	15	15	3	5
LPP	TRIP6	15	15	3	5
PLPPR3	PLPPR4	15	15	3	5
PLPPR4	PLPPR3	9	9	3	3
LRBA	NBEA	15	15	3	5
NBEA	LRBA	15	15	3	5
LRP1	LRP1B	15	15	3	5
LRP1B	LRP1	15	15	3	5
SCRIB	LRRC1	15	15	3	5
LRRC1	SCRIB	15	15	3	5
LSM14A	LSM14B	15	15	3	5
LSM14B	LSM14A	15	15	3	5
LYPLA1	LYPLA2	9	9	3	3
LYPLA2	LYPLA1	15	15	3	5
LYSMD3	LYSMD4	15	15	3	5
LYSMD4	LYSMD3	15	15	3	5
MAB21L1	MAB21L2	15	15	3	5
MAB21L2	MAB21L1	15	15	3	5
MACROD1	MACROD2	15	15	3	5
MACROD2	MACROD1	15	15	3	5
MAGT1	TUSC3	15	15	3	5
TUSC3	MAGT1	15	15	3	5
MAN1A1	MAN1C1	15	15	3	5
MAN1C1	MAN1A1	15	15	3	5
MAN2A2	MAN2A1	15	15	3	5
MAN2A1	MAN2A2	15	15	3	5
MAP2K2	MAP2K1	15	15	3	10
MAP2K1	MAP2K2	12	12	6	4
MAP2K3	MAP2K6	15	15	3	5
MAP2K6	MAP2K3	15	15	3	5
MAP3K3	MAP3K2	15	15	3	5
MAP3K2	MAP3K3	15	15	3	5
WDR62	MAPKBP1	15	15	3	5
MAPKBP1	WDR62	15	15	3	5
MARCH2	MARCH3	15	15	3	5
MARCH3	MARCH2	15	15	3	5
MAT2A	MAT1A	15	15	3	5
MAT1A	MAT2A	15	15	3	5
MBD2	MBD3	6	6	3	2
MBD3	MBD2	15	15	3	5
MBNL1	MBNL2	15	15	6	10
MBNL2	MBNL1	15	15	6	10
MBNL1	MBNL3	15	15	6	10
MBNL3	MBNL1	15	15	6	10
MBNL2	MBNL3	15	15	6	10
MBNL3	MBNL2	15	15	6	10
MCTP1	MCTP2	15	15	3	5
MCTP2	MCTP1	15	15	3	5
MECOM	PRDM16	15	15	3	5
PRDM16	MECOM	15	15	3	5
MED13	MED13L	15	15	3	5
MED13L	MED13	15	15	3	5
MEIS2	MEIS1	15	15	3	5
MEIS1	MEIS2	15	15	3	5
MET	MST1R	15	15	3	5
MST1R	MET	15	15	3	5
METRN	METRNL	15	15	3	5
METRNL	METRN	6	6	3	2
MGRN1	RNF157	15	15	3	5
RNF157	MGRN1	15	15	3	5
MICALL1	MICALL2	15	15	3	5
MICALL2	MICALL1	15	15	3	5
MIER1	MIER3	15	15	3	5
MIER3	MIER1	15	15	3	5
MKNK2	MKNK1	15	15	3	5
MKNK1	MKNK2	15	15	3	5
KMT2A	KMT2B	15	15	3	5
KMT2B	KMT2A	15	15	3	5
MLLT1	MLLT3	15	15	3	5
MLLT3	MLLT1	15	15	3	5
MLLT10	MLLT6	15	15	3	5
MLLT6	MLLT10	15	15	3	5
MLXIP	MLXIPL	15	15	3	5
MLXIPL	MLXIP	15	15	3	5
MMEL1	MME	15	15	3	5
MME	MMEL1	15	15	3	5
MOB1A	MOB1B	15	15	3	5
MOB1B	MOB1A	15	15	3	5
MPRIP	TRIOBP	15	15	3	5
TRIOBP	MPRIP	15	15	3	5
MSI2	MSI1	15	15	3	5
MSI1	MSI2	15	15	3	5
MSX1	MSX2	12	12	3	4
MSX2	MSX1	15	15	3	5
MTMR4	MTMR3	15	15	3	5
MTMR3	MTMR4	15	15	3	5
MTMR12	MTMR10	15	15	3	5
MTMR10	MTMR12	15	15	3	5
MTSS1L	MTSS1	15	15	3	5
MTSS1	MTSS1L	15	15	3	5
MTX1	MTX3	15	15	3	5
MTX3	MTX1	9	9	3	3
MYBL1	MYB	15	15	3	5
MYB	MYBL1	15	15	3	5
MYC	MYCN	15	15	15	5
MYCN	MYC	15	15	3	5
NAA15	NAA16	15	15	3	5
NAA16	NAA15	15	15	3	5
NAB1	NAB2	15	15	3	5
NAB2	NAB1	15	15	3	5
NAV1	NAV3	15	15	3	5
NAV3	NAV1	15	15	3	5
NBEAL2	NBEAL1	15	15	3	5
NBEAL1	NBEAL2	15	15	3	5
NCOA3	NCOA1	15	15	3	5
NCOA1	NCOA3	15	15	3	5
NCOR1	NCOR2	15	15	3	5
NCOR2	NCOR1	15	15	3	5
NDE1	NDEL1	15	15	3	5
NDEL1	NDE1	15	15	3	5
NDFIP2	NDFIP1	15	15	3	5
NDFIP1	NDFIP2	15	15	3	5
NEDD4L	NEDD4	15	15	3	5
NEDD4	NEDD4L	15	15	3	5
NEK7	NEK6	15	15	3	5
NEK6	NEK7	15	15	3	5
NFKBID	NFKBIZ	15	15	3	5
NFKBIZ	NFKBID	15	15	3	5
NID1	NID2	15	15	3	5
NID2	NID1	15	15	3	5
NIPAL1	NIPAL4	15	15	3	5
NIPAL4	NIPAL1	15	15	3	5
PPIG	NKTR	15	15	3	5
NKTR	PPIG	15	15	3	5
NKX2-1	NKX2-4	3	3	3	1
NKX2-4	NKX2-1	15	15	3	5
NLGN1	NLGN4X	15	15	3	5
NLGN4X	NLGN1	15	15	3	5
THOP1	NLN	15	15	3	5
NLN	THOP1	15	15	3	5
NOTCH2	NOTCH1	15	15	3	5
NOTCH1	NOTCH2	15	15	3	5
NOVA1	NOVA2	15	15	3	5
NOVA2	NOVA1	15	15	3	5
NPR2	NPR1	15	15	3	5
NPR1	NPR2	15	15	3	5
NR2C1	NR2C2	15	15	3	5
NR2C2	NR2C1	15	15	3	5
NRBP1	NRBP2	15	15	3	5
NRBP2	NRBP1	15	15	3	5
NT5C2	NT5DC4	15	15	3	5
NT5DC4	NT5C2	15	15	3	5
NUCB1	NUCB2	15	15	3	5
NUCB2	NUCB1	15	15	3	5
NUMB	NUMBL	15	15	3	5
NUMBL	NUMB	15	15	3	5
OGDH	OGDHL	15	15	15	5
OGDHL	OGDH	15	15	3	5
ORMDL1	ORMDL3	12	12	3	4
ORMDL3	ORMDL1	15	15	3	5
OSBP	OSBP2	15	15	3	5
OSBP2	OSBP	15	15	3	5
OSBPL8	OSBPL5	15	15	3	5
OSBPL5	OSBPL8	15	15	3	5
OSR2	OSR1	15	15	3	5
OSR1	OSR2	15	15	3	5
OTUB1	OTUB2	15	15	3	5
OTUB2	OTUB1	15	15	3	5
OTX1	OTX2	15	15	3	5
OTX2	OTX1	15	15	3	5
P4HA2	P4HA1	15	15	3	5
P4HA1	P4HA2	15	15	3	5
PACS1	PACS2	15	15	3	5
PACS2	PACS1	15	15	3	5
PAFAH1B2	PAFAH1B3	15	15	3	5
PAFAH1B3	PAFAH1B2	15	15	3	5
PAK2	PAK3	15	15	3	5
PAK3	PAK2	15	15	3	5
PAK4	PAK6	15	15	3	5
PAK6	PAK4	15	15	3	5
PAPD7	PAPD5	15	15	3	5
PAPD5	PAPD7	15	15	3	5
PAPSS1	PAPSS2	15	15	3	5
PAPSS2	PAPSS1	15	15	3	5
PARP6	PARP8	15	15	3	5
PARP8	PARP6	15	15	3	5
PARVB	PARVA	15	15	3	5
PARVA	PARVB	15	15	3	5
PDE8A	PDE8B	15	15	3	5
PDE8B	PDE8A	15	15	3	5
PDP1	PDP2	15	15	3	5
PDP2	PDP1	15	15	3	5
PDS5A	PDS5B	15	15	3	5
PDS5B	PDS5A	15	15	3	5
PEX5	PEX5L	15	15	3	5
PEX5L	PEX5	15	15	3	5
PGM2	PGM2L1	15	15	3	5
PGM2L1	PGM2	15	15	3	5
PGRMC1	PGRMC2	15	15	3	5
PGRMC2	PGRMC1	15	15	3	5
PHACTR4	PHACTR2	15	15	3	5
PHACTR2	PHACTR4	15	15	3	5
PHF20L1	PHF20	15	15	3	5
PHF20	PHF20L1	15	15	3	5
PHKA2	PHKA1	15	15	3	5
PHKA1	PHKA2	15	15	3	5
PHLDB1	PHLDB3	15	15	3	5
PHLDB3	PHLDB1	15	15	3	5
PI4K2B	PI4K2A	15	15	3	5
PI4K2A	PI4K2B	15	15	3	5
PIEZO1	PIEZO2	15	15	3	5
PIEZO2	PIEZO1	15	15	3	5
PIK3CB	PIK3CD	15	15	3	5
PIK3CD	PIK3CB	15	15	3	5
PIP4K2B	PIP4K2A	15	15	3	5
PIP4K2A	PIP4K2B	15	15	3	5
PITPNA	PITPNB	15	15	3	5
PITPNB	PITPNA	15	15	3	5
PKN2	PKN3	15	15	3	5
PKN3	PKN2	15	15	3	5
PLCB3	PLCB1	15	15	3	5
PLCB1	PLCB3	15	15	3	5
PLCD3	PLCD4	15	15	3	5
PLCD4	PLCD3	15	15	3	5
PLCG1	PLCG2	15	15	3	5
PLCG2	PLCG1	15	15	3	5
PLCL2	PLCL1	15	15	3	5
PLCL1	PLCL2	15	15	3	5
PLEKHB2	PLEKHB1	15	15	3	5
PLEKHB1	PLEKHB2	15	15	3	5
PLEKHH1	PLEKHH2	15	15	3	5
PLEKHH2	PLEKHH1	15	15	3	5
PLK2	PLK3	15	15	3	5
PLK3	PLK2	15	15	3	5
PLOD1	PLOD2	15	15	3	5
PLOD2	PLOD1	15	15	3	5
PMM2	PMM1	15	15	3	5
PMM1	PMM2	15	15	3	5
POC1A	POC1B	15	15	3	5
POC1B	POC1A	15	15	3	5
POGZ	ZNF280D	15	15	3	5
ZNF280D	POGZ	15	15	3	5
PPA1	PPA2	15	15	15	5
PPA2	PPA1	15	15	3	5
PPRC1	PPARGC1A	15	15	3	5
PPARGC1A	PPRC1	15	15	3	5
PPFIA1	PPFIA3	15	15	3	5
PPFIA3	PPFIA1	15	15	3	5
PPIB	PPIC	15	15	3	5
PPIC	PPIB	15	15	3	5
PPM1F	PPM1E	15	15	3	5
PPM1E	PPM1F	15	15	3	5
PPP1CC	PPP1CA	15	15	3	5
PPP1CA	PPP1CC	15	15	3	5
PPP1R3B	PPP1R3C	15	15	3	5
PPP1R3C	PPP1R3B	15	15	3	5
PPP1R3E	PPP1R3D	15	15	3	5
PPP1R3D	PPP1R3E	6	6	3	2
PPP1R14B	PPP1R14A	6	6	2	3
PPP1R14A	PPP1R14B	3	3	3	1
PPP1R16A	PPP1R16B	15	15	3	5
PPP1R16B	PPP1R16A	15	15	3	5
PPP2CA	PPP2CB	15	15	15	5
PPP2CB	PPP2CA	15	15	3	5
PPP2R5C	PPP2R5D	15	15	3	5
PPP2R5D	PPP2R5C	15	15	3	5
PPP3CA	PPP3CB	15	15	3	5
PPP3CB	PPP3CA	15	15	3	5
PPP6R3	PPP6R2	15	15	3	5
PPP6R2	PPP6R3	15	15	3	5
PREX1	PREX2	15	15	3	5
PREX2	PREX1	15	15	3	5
PRKAR1A	PRKAR1B	15	15	3	5
PRKAR1B	PRKAR1A	15	15	3	5
PRKAR2A	PRKAR2B	15	15	3	5
PRKAR2B	PRKAR2A	15	15	3	5
PRKCA	PRKCB	15	15	3	5
PRKCB	PRKCA	15	15	3	5
PRKCD	PRKCQ	15	15	3	5
PRKCQ	PRKCD	15	15	3	5
PRKCE	PRKCH	15	15	3	5
PRKCH	PRKCE	15	15	3	5
PRKCI	PRKCZ	15	15	3	5
PRKCZ	PRKCI	15	15	3	5
PRPF40A	PRPF40B	15	15	3	5
PRPF40B	PRPF40A	15	15	3	5
PRPSAP1	PRPSAP2	15	15	3	5
PRPSAP2	PRPSAP1	15	15	3	5
PRRX1	PRRX2	6	6	3	2
PRRX2	PRRX1	15	15	3	5
PSEN1	PSEN2	15	15	3	5
PSEN2	PSEN1	15	15	3	5
PSMA7	PSMA8	15	15	15	5
PSMA8	PSMA7	15	15	3	5
PTBP1	PTBP2	15	15	6	10
PTBP2	PTBP1	15	15	6	10
PTBP1	PTBP3	15	15	6	10
PTBP3	PTBP1	15	15	6	10
PTBP2	PTBP3	15	15	6	10
PTBP3	PTBP2	15	15	6	10
PTCH1	PTCH2	15	15	3	5
PTCH2	PTCH1	15	15	3	5
PTGS2	PTGS1	15	15	3	5
PTGS1	PTGS2	15	15	3	5
PTK2	PTK2B	15	15	3	5
PTK2B	PTK2	15	15	3	5
PTPN1	PTPN2	15	15	3	5
PTPN2	PTPN1	15	15	3	5
PTPRG	PTPRZ1	15	15	3	5
PTPRZ1	PTPRG	15	15	3	5
PUM1	PUM2	15	15	3	5
PUM2	PUM1	15	15	3	5
PWWP2A	PWWP2B	15	15	3	5
PWWP2B	PWWP2A	15	15	3	5
PXN	TGFB1I1	15	15	3	5
TGFB1I1	PXN	15	15	3	5
QPCTL	QPCT	15	15	3	5
QPCT	QPCTL	15	15	3	5
QSOX1	QSOX2	15	15	3	5
QSOX2	QSOX1	15	15	3	5
R3HCC1	R3HCC1L	15	15	3	5
R3HCC1L	R3HCC1	15	15	3	5
RAB1A	RAB1B	15	15	3	5
RAB1B	RAB1A	15	15	3	5
RAB4A	RAB4B	12	12	3	4
RAB4B	RAB4A	15	15	3	5
RAB9A	RAB9B	15	15	3	5
RAB9B	RAB9A	15	15	3	5
RAB11A	RAB11B	3	3	3	1
RAB11B	RAB11A	15	15	3	5
RAB31	RAB22A	15	15	3	5
RAB22A	RAB31	15	15	3	5
RAB26	RAB37	15	15	3	5
RAB37	RAB26	15	15	3	5
RAB33B	RAB33A	15	15	3	5
RAB33A	RAB33B	15	15	3	5
RAB34	RAB36	15	15	3	5
RAB36	RAB34	15	15	3	5
RAB39A	RAB39B	15	15	3	5
RAB39B	RAB39A	15	15	3	5
RABEP1	RABEP2	15	15	3	5
RABEP2	RABEP1	15	15	3	5
RABGAP1	RABGAP1L	15	15	3	5
RABGAP1L	RABGAP1	15	15	3	5
RAC1	RAC2	9	9	3	3
RAC2	RAC1	15	15	3	5
RAD9A	RAD9B	15	15	3	5
RAD9B	RAD9A	15	15	3	5
RAD23B	RAD23A	15	15	3	5
RAD23A	RAD23B	15	15	3	5
RALGAPA1	RALGAPA2	15	15	3	5
RALGAPA2	RALGAPA1	15	15	3	5
RALGPS2	RALGPS1	15	15	3	5
RALGPS1	RALGPS2	15	15	3	5
RANBP9	RANBP10	15	15	3	5
RANBP10	RANBP9	15	15	3	5
RARG	RARA	15	15	3	5
RARA	RARG	15	15	3	5
RASA3	RASA2	15	15	3	5
RASA2	RASA3	15	15	3	5
RASSF8	RASSF7	15	15	3	5
RASSF7	RASSF8	15	15	3	5
RBBP7	RBBP4	15	15	3	5
RBBP4	RBBP7	15	15	3	5
RBL2	RBL1	15	15	3	5
RBL1	RBL2	15	15	3	5
RBM12	RBM12B	15	15	3	5
RBM12B	RBM12	15	15	3	5
RBM15B	RBM15	15	15	3	5
RBM15	RBM15B	15	15	3	5
RBM39	RBM23	15	15	3	5
RBM23	RBM39	15	15	3	5
RBM26	RBM27	15	15	3	5
RBM27	RBM26	15	15	3	5
RBMS1	RBMS3	15	15	3	5
RBMS3	RBMS1	15	15	3	5
RC3H2	RC3H1	15	15	3	5
RC3H1	RC3H2	15	15	3	5
REEP5	REEP6	6	6	3	2
REEP6	REEP5	15	15	3	5
RFX5	RFX7	15	15	3	5
RFX7	RFX5	15	15	3	5
RGMB	RGMA	15	15	3	5
RGMA	RGMB	15	15	3	5
RHBDF1	RHBDF2	15	15	3	5
RHBDF2	RHBDF1	15	15	3	5
RHOBTB2	RHOBTB1	15	15	3	5
RHOBTB1	RHOBTB2	15	15	3	5
RHOT2	RHOT1	15	15	3	5
RHOT1	RHOT2	15	15	3	5
RHOU	RHOV	15	15	3	5
RHOV	RHOU	15	15	3	5
RHPN2	RHPN1	12	12	3	4
RHPN1	RHPN2	15	15	3	5
RIC8A	RIC8B	15	15	3	5
RIC8B	RIC8A	15	15	3	5
RNF167	RNF13	15	15	3	5
RNF13	RNF167	15	15	3	5
ZNRF3	RNF43	15	15	3	5
RNF43	ZNRF3	15	15	3	5
RNF126	RNF115	15	15	3	5
RNF115	RNF126	9	9	3	3
RNFT1	RNFT2	15	15	3	5
RNFT2	RNFT1	15	15	3	5
ROCK2	ROCK1	15	15	3	5
ROCK1	ROCK2	15	15	3	5
ROR1	ROR2	15	15	3	5
ROR2	ROR1	15	15	3	5
ZNF609	ZNF608	15	15	3	5
ZNF608	ZNF609	15	15	3	5
RPS6KA4	RPS6KA5	15	15	3	5
RPS6KA5	RPS6KA4	15	15	3	5
SNX15	RPS6KC1	15	15	3	5
RPS6KC1	SNX15	15	15	3	5
RPS27	RPS27L	5	5	1	5
RPS27L	RPS27	5	5	1	5
RRAS2	RRAS	4	4	1	4
RRAS	RRAS2	9	9	3	3
YAF2	RYBP	15	15	3	5
RYBP	YAF2	15	15	3	5
SAMD1	SAMD13	15	15	3	5
SAMD13	SAMD1	15	15	3	5
SAMD4B	SAMD4A	15	15	3	5
SAMD4A	SAMD4B	15	15	3	5
SAMD10	SAMD12	15	15	3	5
SAMD12	SAMD10	3	3	3	1
SAP30L	SAP30	15	15	3	5
SAP30	SAP30L	15	15	3	5
SAR1A	SAR1B	15	15	3	5
SAR1B	SAR1A	15	15	3	5
SCAF4	SCAF8	15	15	3	5
SCAF8	SCAF4	15	15	3	5
SCD	SCD5	10	10	2	5
SCD5	SCD	9	9	3	3
SEC11A	SEC11C	15	15	3	5
SEC11C	SEC11A	15	15	3	5
SEC23A	SEC23B	15	15	3	5
SEC23B	SEC23A	15	15	3	5
SEC24B	SEC24A	15	15	3	5
SEC24A	SEC24B	15	15	3	5
SEC24C	SEC24D	15	15	3	5
SEC24D	SEC24C	15	15	3	5
SEC31A	SEC31B	15	15	3	5
SEC31B	SEC31A	15	15	3	5
SEC61A1	SEC61A2	15	15	3	5
SEC61A2	SEC61A1	15	15	3	5
SENP3	SENP5	15	15	3	5
SENP5	SENP3	15	15	3	5
SERINC3	SERINC2	15	15	3	5
SERINC2	SERINC3	15	15	3	5
SERP1	SERP2	15	15	3	5
SERP2	SERP1	15	15	3	5
SESN1	SESN2	15	15	3	5
SESN2	SESN1	15	15	3	5
SETD1A	SETD1B	15	15	3	5
SETD1B	SETD1A	15	15	3	5
SFXN1	SFXN3	15	15	3	5
SFXN3	SFXN1	15	15	3	5
SFXN4	SFXN5	15	15	3	5
SFXN5	SFXN4	15	15	3	5
SGMS1	SGMS2	15	15	3	5
SGMS2	SGMS1	15	15	3	5
SGSM2	SGSM1	15	15	3	5
SGSM1	SGSM2	15	15	3	5
SGTA	SGTB	15	15	3	5
SGTB	SGTA	15	15	3	5
SIN3A	SIN3B	15	15	3	5
SIN3B	SIN3A	15	15	3	5
SIX1	SIX2	6	6	3	2
SIX2	SIX1	15	15	3	5
SIX5	SIX4	15	15	3	5
SIX4	SIX5	15	15	3	5
SLC9A5	SLC9A3	15	15	3	5
SLC9A3	SLC9A5	15	15	3	5
SLC9A3R1	SLC9A3R2	9	9	3	3
SLC9A3R2	SLC9A3R1	15	15	3	5
SLC12A4	SLC12A5	15	15	3	5
SLC12A5	SLC12A4	15	15	3	5
SLC24A1	SLC24A2	15	15	3	5
SLC24A2	SLC24A1	15	15	3	5
SLC25A13	SLC25A12	15	15	3	5
SLC25A12	SLC25A13	15	15	3	5
SLC25A14	SLC25A30	15	15	3	5
SLC25A30	SLC25A14	15	15	3	5
SLC25A37	SLC25A28	15	15	3	5
SLC25A28	SLC25A37	15	15	3	5
SLC25A36	SLC25A33	15	15	3	5
SLC25A33	SLC25A36	15	15	3	5
SLC29A1	SLC29A2	15	15	3	5
SLC29A2	SLC29A1	15	15	3	5
SLC35D1	SLC35D2	15	15	3	5
SLC35D2	SLC35D1	15	15	3	5
SLC41A3	SLC41A2	15	15	3	5
SLC41A2	SLC41A3	15	15	3	5
SLC44A1	SLC44A3	15	15	3	5
SLC44A3	SLC44A1	15	15	3	5
SLC52A2	SLC52A3	15	15	3	5
SLC52A3	SLC52A2	12	12	3	4
SLK	STK10	15	15	3	5
STK10	SLK	15	15	3	5
SMAD6	SMAD7	15	15	3	5
SMAD7	SMAD6	15	15	3	5
SMARCD1	SMARCD2	15	15	3	5
SMARCD2	SMARCD1	15	15	3	5
MIEF1	MIEF2	15	15	3	5
MIEF2	MIEF1	15	15	3	5
SMTN	SMTNL2	15	15	3	5
SMTNL2	SMTN	15	15	3	5
SMURF2	SMURF1	15	15	3	5
SMURF1	SMURF2	15	15	3	5
SNAP23	SNAP25	15	15	3	5
SNAP25	SNAP23	15	15	3	5
SNX3	SNX12	15	15	3	5
SNX12	SNX3	15	15	3	5
SOCS4	SOCS5	12	12	3	4
SOCS5	SOCS4	15	15	3	5
SORBS2	SORBS1	15	15	3	5
SORBS1	SORBS2	15	15	3	5
SOS1	SOS2	15	15	3	5
SOS2	SOS1	15	15	3	5
SOX6	SOX5	15	15	3	5
SOX5	SOX6	15	15	3	5
SOX12	SOX11	15	15	3	5
SOX11	SOX12	9	9	3	3
SP3	SP1	15	15	3	5
SP1	SP3	15	15	3	5
SPARC	SPARCL1	15	15	3	5
SPARCL1	SPARC	15	15	3	5
SPATA2	SPATA2L	6	6	3	2
SPATA2L	SPATA2	15	15	3	5
SPATA6	SPATA6L	15	15	3	5
SPATA6L	SPATA6	15	15	3	5
SPECC1	SPECC1L	15	15	3	5
SPECC1L	SPECC1	15	15	3	5
SPIRE1	SPIRE2	15	15	3	5
SPIRE2	SPIRE1	15	15	3	5
SPOP	SPOPL	15	15	3	5
SPOPL	SPOP	15	15	3	5
SPSB1	SPSB4	6	6	3	2
SPSB4	SPSB1	15	15	3	5
SPTLC2	SPTLC3	15	15	3	5
SPTLC3	SPTLC2	15	15	3	5
SRSF11	SREK1	15	15	3	5
SREK1	SRSF11	15	15	3	5
SRSF1	SRSF9	15	15	15	5
SRSF9	SRSF1	5	5	1	5
SS18	SS18L1	9	9	3	3
SS18L1	SS18	15	15	3	5
SSH1	SSH2	3	3	3	1
SSH2	SSH1	15	15	3	5
ST8SIA4	ST8SIA2	15	15	3	5
ST8SIA2	ST8SIA4	15	15	3	5
STAM	STAM2	15	15	3	5
STAM2	STAM	15	15	3	5
STAU1	STAU2	15	15	3	5
STAU2	STAU1	15	15	3	5
STK4	STK3	15	15	3	5
STK3	STK4	15	15	3	5
STK38L	STK38	15	15	3	5
STK38	STK38L	15	15	3	5
STOX2	STOX1	15	15	3	5
STOX1	STOX2	15	15	3	5
STRADB	STRADA	10	10	2	5
STRADA	STRADB	15	15	3	5
STRIP1	STRIP2	15	15	3	5
STRIP2	STRIP1	15	15	3	5
STX1A	STX1B	15	15	3	5
STX1B	STX1A	15	15	3	5
STX10	STX6	15	15	3	5
STX6	STX10	9	9	3	3
STX7	STX12	15	15	3	5
STX12	STX7	15	15	3	5
SULF2	SULF1	15	15	3	5
SULF1	SULF2	15	15	3	5
SUN1	SUN2	15	15	3	5
SUN2	SUN1	15	15	3	5
SYCP2L	SYCP2	15	15	3	5
SYCP2	SYCP2L	15	15	3	5
SYDE1	SYDE2	15	15	3	5
SYDE2	SYDE1	15	15	3	5
TAF4	TAF4B	15	15	3	5
TAF4B	TAF4	15	15	3	5
TANC2	TANC1	15	15	3	5
TANC1	TANC2	15	15	3	5
TARS	TARSL2	15	15	15	5
TARSL2	TARS	15	15	3	5
TBC1D1	TBC1D4	15	15	3	5
TBC1D4	TBC1D1	15	15	3	5
TBC1D9B	TBC1D9	15	15	3	5
TBC1D9	TBC1D9B	15	15	3	5
TBC1D10B	TBC1D10A	15	15	3	5
TBC1D10A	TBC1D10B	15	15	3	5
TBC1D15	TBC1D17	15	15	3	5
TBC1D17	TBC1D15	15	15	3	5
TBX3	TBX2	15	15	3	5
TBX2	TBX3	15	15	3	5
TCP11L1	TCP11L2	15	15	3	5
TCP11L2	TCP11L1	15	15	3	5
TET2	TET1	15	15	3	5
TET1	TET2	15	15	3	5
THRA	THRB	15	15	3	5
THRB	THRA	15	15	3	5
TIAL1	TIA1	15	15	3	5
TIA1	TIAL1	15	15	3	5
TIAM2	TIAM1	15	15	3	5
TIAM1	TIAM2	15	15	3	5
TIMP3	TIMP4	15	15	3	5
TIMP4	TIMP3	15	15	3	5
TJP2	TJP3	15	15	3	5
TJP3	TJP2	15	15	3	5
TLK2	TLK1	5	5	1	5
TLK1	TLK2	15	15	3	5
TLN1	TLN2	15	15	3	5
TLN2	TLN1	15	15	3	5
TSPAN6	TSPAN7	15	15	3	5
TSPAN7	TSPAN6	15	15	3	5
TMC6	TMC5	15	15	3	5
TMC5	TMC6	15	15	3	5
TMC7	TMC8	12	12	3	4
TMC8	TMC7	15	15	3	5
TMEM50A	TMEM50B	15	15	3	5
TMEM50B	TMEM50A	15	15	3	5
TMEM59	TMEM59L	15	15	3	5
TMEM59L	TMEM59	15	15	3	5
TMEM184B	TMEM184A	15	15	3	5
TMEM184A	TMEM184B	15	15	3	5
TMUB1	TMUB2	15	15	3	5
TMUB2	TMUB1	15	15	3	5
TMX1	TMX4	15	15	3	5
TMX4	TMX1	15	15	3	5
TNK2	TNK1	15	15	3	5
TNK1	TNK2	15	15	3	5
TNKS2	TNKS	15	15	3	5
TNKS	TNKS2	15	15	3	5
TNPO1	TNPO2	15	15	3	5
TNPO2	TNPO1	15	15	3	5
TOB1	TOB2	15	15	3	5
TOB2	TOB1	15	15	3	5
TOMM40	TOMM40L	15	15	15	5
TOMM40L	TOMM40	15	15	3	5
TOP1	TOP1MT	15	15	15	5
TOP1MT	TOP1	15	15	3	5
TOP2A	TOP2B	15	15	15	5
TOP2B	TOP2A	15	15	3	5
TOX2	TOX	15	15	3	5
TOX	TOX2	15	15	3	5
TP53INP2	TP53INP1	15	15	3	5
TP53INP1	TP53INP2	6	6	3	2
TPM2	TPM1	15	15	3	5
TPM1	TPM2	15	15	3	5
TPST1	TPST2	15	15	3	5
TPST2	TPST1	15	15	3	5
TRAF3	TRAF5	15	15	3	5
TRAF5	TRAF3	15	15	3	5
TRAK1	TRAK2	15	15	3	5
TRAK2	TRAK1	15	15	3	5
TRIM35	TRIM72	12	12	3	4
TRIM72	TRIM35	15	15	3	5
TSPAN4	TSPAN9	15	15	3	5
TSPAN9	TSPAN4	6	6	3	2
TSPAN31	TSPAN13	15	15	3	5
TSPAN13	TSPAN31	15	15	3	5
TTC7B	TTC7A	15	15	3	5
TTC7A	TTC7B	15	15	3	5
TTC39A	TTC39B	15	15	3	5
TTC39B	TTC39A	15	15	3	5
TTYH3	TTYH2	15	15	3	5
TTYH2	TTYH3	12	12	3	4
TWF1	TWF2	15	15	3	5
TWF2	TWF1	15	15	3	5
TXNRD1	TXNRD3	15	15	3	5
TXNRD3	TXNRD1	15	15	3	5
UAP1	UAP1L1	15	15	3	5
UAP1L1	UAP1	15	15	3	5
UBA1	UBA7	15	15	15	5
UBA7	UBA1	15	15	3	5
UBE2Q1	UBE2Q2	15	15	3	5
UBE2Q2	UBE2Q1	15	15	3	5
UBE2V2	UBE2V1	6	6	3	2
UBE2V1	UBE2V2	5	5	1	5
UBQLN1	UBQLN4	15	15	3	5
UBQLN4	UBQLN1	15	15	3	5
UBR1	UBR2	15	15	3	5
UBR2	UBR1	15	15	3	5
UBTD2	UBTD1	9	9	3	3
UBTD1	UBTD2	15	15	3	5
UCHL3	UCHL1	15	15	3	5
UCHL1	UCHL3	15	15	3	5
UCK2	UCK1	15	15	3	5
UCK1	UCK2	15	15	3	5
ULK1	ULK2	15	15	3	5
ULK2	ULK1	15	15	3	5
UNC5B	UNC5C	15	15	3	5
UNC5C	UNC5B	15	15	3	5
UNC119	UNC119B	15	15	3	5
UNC119B	UNC119	15	15	3	5
UNK	UNKL	15	15	3	5
UNKL	UNK	15	15	3	5
USP21	USP2	15	15	3	5
USP2	USP21	15	15	3	5
USP46	USP12	15	15	3	5
USP12	USP46	10	10	2	5
USP16	USP45	15	15	3	5
USP45	USP16	15	15	3	5
USP31	USP43	15	15	3	5
USP43	USP31	15	15	3	5
USP38	USP35	15	15	3	5
USP35	USP38	15	15	3	5
VAPA	VAPB	15	15	3	5
VAPB	VAPA	15	15	3	5
VASH1	VASH2	15	15	3	5
VASH2	VASH1	15	15	3	5
VPS13A	VPS13C	15	15	3	5
VPS13C	VPS13A	15	15	3	5
VPS37B	VPS37C	15	15	3	5
VPS37C	VPS37B	15	15	3	5
WASF2	WASF1	15	15	3	5
WASF1	WASF2	15	15	3	5
WIPI2	WIPI1	15	15	3	5
WIPI1	WIPI2	15	15	3	5
WSB1	WSB2	15	15	3	5
WSB2	WSB1	15	15	3	5
WWC2	WWC1	15	15	3	5
WWC1	WWC2	15	15	3	5
XYLT2	XYLT1	15	15	3	5
XYLT1	XYLT2	15	15	3	5
YIF1B	YIF1A	15	15	3	5
YIF1A	YIF1B	15	15	3	5
YIPF2	YIPF1	15	15	3	5
YIPF1	YIPF2	15	15	3	5
ZCCHC11	ZCCHC6	15	15	3	5
ZCCHC6	ZCCHC11	15	15	3	5
ZDHHC18	ZDHHC14	15	15	3	5
ZDHHC14	ZDHHC18	15	15	3	5
ZFR	ZFR2	6	6	3	2
ZFR2	ZFR	15	15	3	5
ZFYVE16	ZFYVE9	15	15	3	5
ZFYVE9	ZFYVE16	15	15	3	5
ZMIZ2	ZMIZ1	15	15	3	5
ZMIZ1	ZMIZ2	15	15	3	5
ZNF503	ZNF703	15	15	3	5
ZNF703	ZNF503	15	15	3	5
